2019-03-15,Buy Netflix on Earnings Growth with NFLX Stock Up 35% in 2019?,https://finance.yahoo.com/news/buy-netflix-earnings-growth-nflx-214709016.html
2019-03-21,Netflix (NFLX) Gains But Lags Market: What You Should Know,https://finance.yahoo.com/news/netflix-nflx-gains-lags-market-214509488.html
2019-03-14,Netflix (NFLX) Dips More Than Broader Markets: What You Should Know,https://finance.yahoo.com/news/netflix-nflx-dips-more-broader-214509528.html
2019-03-29,"Netflix (NFLX) Q1 Earnings Preview: International Sales, Subscribers & More",https://news.yahoo.com/netflix-nflx-q1-earnings-preview-212409542.html
2019-03-22,3 Blue-Chip Stocks to Buy Right Now,https://finance.yahoo.com/news/3-blue-chip-stocks-buy-203608411.html
2019-03-21,Buy Apple (AAPL) Stock Up 22% in 2019 Before Streaming Video Launch?,https://finance.yahoo.com/news/buy-apple-aapl-stock-22-172705979.html
2019-03-26,Netflix Competition Steepens in Broader Streaming Space,https://finance.yahoo.com/news/netflix-competition-steepens-broader-streaming-172305585.html
2019-03-29,"3 Blue-Chip Stocks to Buy Right Now: CMCSA, FB, SBUX",https://finance.yahoo.com/news/3-blue-chip-stocks-buy-192007606.html
2019-04-01,"Apple (AAPL) Stock Outlook: Q2 Earnings, iPhone Sales & Services Growth",https://finance.yahoo.com/news/apple-aapl-stock-outlook-q2-205608354.html
2019-03-27,"Decker, Halliburton, Netflix, Amazon and Apple highlighted as Zacks Bull and Bear of the Day",https://finance.yahoo.com/news/decker-halliburton-netflix-amazon-apple-125812059.html
2019-03-13,Options Traders Expect Huge Moves in Akorn (AKRX) Stock,https://finance.yahoo.com/news/options-traders-expect-huge-moves-125012505.html
2019-03-13,Is the Options Market Predicting a Spike in B2Gold (BTG) Stock?,https://finance.yahoo.com/news/options-market-predicting-spike-b2gold-125612626.html
2019-03-19,Options Traders Expect Huge Moves in CECO Environmental (CECE) Stock,https://finance.yahoo.com/news/options-traders-expect-huge-moves-144002901.html
2019-03-20,Options Traders Expect Huge Moves in Cronos (CRON) Stock,https://finance.yahoo.com/news/options-traders-expect-huge-moves-125012622.html
2019-03-14,Implied Volatility Surging for Camping World (CWH) Stock Options,https://finance.yahoo.com/news/implied-volatility-surging-camping-world-124712691.html
2019-03-25,Do Options Traders Know Something About Roku (ROKU) Stock We Don't?,https://finance.yahoo.com/news/options-traders-know-something-roku-125912361.html
2019-03-25,Is the Options Market Predicting a Spike in Square (SQ) Stock?,https://finance.yahoo.com/news/options-market-predicting-spike-square-123712792.html
2019-03-25,Implied Volatility Surging for Amarin (AMRN) Stock Options,https://finance.yahoo.com/news/implied-volatility-surging-amarin-amrn-123512982.html
2019-04-05,Is the Options Market Predicting a Spike in Zynerba Pharmaceuticals (ZYNE) Stock?,https://finance.yahoo.com/news/options-market-predicting-spike-zynerba-125012848.html
2019-04-04,Are Options Traders Betting on a Big Move in Sorrento Therapeutics (SRNE) Stock?,https://finance.yahoo.com/news/options-traders-betting-big-move-125012071.html
2019-04-10,Do Options Traders Know Something About Gogo (GOGO) Stock We Don't?,https://finance.yahoo.com/news/options-traders-know-something-gogo-124012131.html
2019-04-10,Are Options Traders Betting on a Big Move in Applied Materials (AMAT) Stock?,https://finance.yahoo.com/news/options-traders-betting-big-move-124812707.html
2019-03-13,Do Options Traders Know Something About Carvana (CVNA) Stock We Don't?,https://finance.yahoo.com/news/options-traders-know-something-carvana-125412039.html
2019-03-14,Are Options Traders Betting on a Big Move in Apple (AAPL) Stock?,https://finance.yahoo.com/news/options-traders-betting-big-move-124312192.html
2019-03-18,Options Traders Expect Huge Moves in Laredo Petroleum (LPI) Stock,https://finance.yahoo.com/news/options-traders-expect-huge-moves-125012168.html
2019-03-19,Implied Volatility Surging for Coty (COTY) Stock Options,https://finance.yahoo.com/news/implied-volatility-surging-coty-coty-124212067.html
2019-03-11,Is the Options Market Predicting a Spike in NeoPhotonics (NPTN) Stock?,https://finance.yahoo.com/news/options-market-predicting-spike-neophotonics-125012731.html
2019-03-11,Do Options Traders Know Something About Verastem (VSTM) Stock We Don't?,https://finance.yahoo.com/news/options-traders-know-something-verastem-124612767.html
2019-03-26,Do Options Traders Know Something About PG&E (PCG) Stock We Don't?,https://finance.yahoo.com/news/options-traders-know-something-pg-124012212.html
2019-04-08,Implied Volatility Surging for Remark Holdings (MARK) Stock Options,https://finance.yahoo.com/news/implied-volatility-surging-remark-holdings-124012890.html
2019-03-12,Implied Volatility Surging for Dean Foods (DF) Stock Options,https://finance.yahoo.com/news/implied-volatility-surging-dean-foods-125012299.html
2019-03-19,Do Options Traders Know Something About Protalix (PLX) Stock We Don't?,https://finance.yahoo.com/news/options-traders-know-something-protalix-124412528.html
2019-03-14,Options Traders Expect Huge Moves in Ascena (ASNA) Stock,https://finance.yahoo.com/news/options-traders-expect-huge-moves-124912885.html
2019-03-18,Is the Options Market Predicting a Spike in Key Energy Services (KEG) Stock?,https://finance.yahoo.com/news/options-market-predicting-spike-key-124812594.html
2019-03-20,Implied Volatility Surging for Snap (SNAP) Stock Options,https://finance.yahoo.com/news/implied-volatility-surging-snap-snap-124212274.html
2019-03-25,Do Options Traders Know Something About lululemon (LULU) Stock We Don't?,https://finance.yahoo.com/news/options-traders-know-something-lululemon-123312797.html
2019-03-25,Options Traders Expect Huge Moves in SunPower (SPWR) Stock,https://finance.yahoo.com/news/options-traders-expect-huge-moves-125712760.html
2019-03-25,Is the Options Market Predicting a Spike in Avon (AVP) Stock?,https://finance.yahoo.com/news/options-market-predicting-spike-avon-124112990.html
2019-03-15,Spotify has a point about Apple's App Store fees,https://finance.yahoo.com/news/spotify-apple-app-store-164634805.html
2019-03-31,"How Apple TV Plus compares to Netflix, Amazon Prime Video, and Hulu",https://finance.yahoo.com/news/apple-tv-plus-versus-netflix-amazon-prime-video-hulu-113824173.html
2019-03-22,Apple’s March 25 event: Here’s what to expect,https://finance.yahoo.com/news/apple-march-25-event-180529694.html
2019-03-25,Apple unveils Apple TV Plus streaming service with Hollywood heavyweights,https://finance.yahoo.com/news/apple-tv-plus-oprah-steven-spielberg-190539383.html
2019-03-26,Apple TV Plus could be huge if the price is right,https://finance.yahoo.com/news/apple-tv-plus-price-130146765.html
2019-03-15,Top-Performing ETFs Of The 10-Year Bull-Run,https://finance.yahoo.com/news/top-performing-etfs-10-bull-175005377.html
2019-03-14,Apple's Woes Rise as Spotify Alleges it of Unfair Practices,https://finance.yahoo.com/news/apples-woes-rise-spotify-alleges-151603784.html
2019-03-29,Apple (AAPL) Acknowledges Issues in Latest MacBook Keyboard,https://finance.yahoo.com/news/apple-aapl-acknowledges-issues-latest-150003922.html
2019-04-05,The Best Tech Stocks For Your Portfolio,https://finance.yahoo.com/news/best-tech-stocks-portfolio-201208239.html
2019-03-18,"Buy Microsoft (MSFT) Stock at New All-Time High, Amid Apple Downturn?",https://finance.yahoo.com/news/buy-microsoft-msft-stock-time-221210298.html
2019-03-25,Is Apple Too Late to Streaming Business?,https://finance.yahoo.com/news/apple-too-streaming-business-173705145.html
2019-03-11,"Amazon to Expand Streaming Business, Alibaba Deepens NBA Deal & More",https://finance.yahoo.com/news/amazon-expand-streaming-business-alibaba-211809516.html
2019-03-12,"The Zacks Analyst Blog Highlights: Procter & Gamble, Netflix, Costco, Morgan Stanley and Canadian Pacific",https://finance.yahoo.com/news/zacks-analyst-blog-highlights-procter-110411731.html
2019-03-11,Internet ETFs & Stocks Top Bull Market: Will the Rally Continue?,https://finance.yahoo.com/news/internet-etfs-stocks-top-bull-183006843.html
2019-03-14,Buy Roku on Streaming Growth with Its Stock Up 100% in 2019?,https://finance.yahoo.com/news/buy-roku-streaming-growth-stock-222210999.html
2019-04-04,Amazon (AMZN) Stock Looks Like a Buy Heading into Q1 2019 Earnings,https://finance.yahoo.com/news/amazon-amzn-stock-looks-buy-200408082.html
2019-03-30,Better Buy: MercadoLibre vs. Alphabet,https://finance.yahoo.com/news/better-buy-mercadolibre-vs-alphabet-153200644.html
2019-04-09,What to Expect from AT&T's (T) Q1 2019 Earnings Results,https://finance.yahoo.com/news/expect-ts-t-q1-2019-235011884.html
2019-03-20,Is the Options Market Predicting a Spike in Plug Power (PLUG) Stock?,https://finance.yahoo.com/news/options-market-predicting-spike-plug-124812986.html
2019-04-01,Strong Q1 With FAANG Leading the Charge: What Can We Expect Next,https://finance.yahoo.com/news/strong-q1-faang-leading-charge-170005187.html
2019-03-26,Facebook (FB) Stock Looks Like a Buy as Apple & Amazon Face Slowdown,https://finance.yahoo.com/news/facebook-fb-stock-looks-buy-221010309.html
2019-03-19,Implied Volatility Surging for Marinus Pharmaceuticals (MRNS) Stock Options,https://finance.yahoo.com/news/implied-volatility-surging-marinus-pharmaceuticals-124612006.html
2019-04-02,Implied Volatility Surging for INSYS Therapeutics (INSY) Stock Options,https://finance.yahoo.com/news/implied-volatility-surging-insys-therapeutics-124012829.html
2019-04-01,Goldman Sachs: 7 Growth Stocks to Buy With Explosive Potential,https://finance.yahoo.com/news/goldman-sachs-7-growth-stocks-194912863.html
2019-03-26,Better Buy Amid Tech Diversification: Apple (AAPL) vs. Amazon (AMZN) Stock,https://finance.yahoo.com/news/better-buy-amid-tech-diversification-182806568.html
2019-03-28,3 Blue Chip Tech Stocks to Buy Right Now,https://finance.yahoo.com/news/3-blue-chip-tech-stocks-164704450.html
2019-03-11,The Best And Worst Stocks of the 10-Year Bull Market,https://finance.yahoo.com/news/best-worst-stocks-10-bull-131901892.html
2019-03-14,Apple (AAPL) Stock Up 8% Over the Last Week: Time to Buy?,https://finance.yahoo.com/news/apple-aapl-stock-8-over-195007227.html
2019-03-25,"The Zacks Analyst Blog Highlights: Netflix, Amazon, Costco, Cisco Systems and Walmart",https://finance.yahoo.com/news/zacks-analyst-blog-highlights-netflix-121912867.html
2019-04-01,3 Large-Cap Tech Stocks for Growth Investors to Buy,https://finance.yahoo.com/news/3-large-cap-tech-stocks-230911701.html
2019-03-11,Buy Apple (AAPL) Stock on the Dip on Bank of America Upgrade?,https://finance.yahoo.com/news/buy-apple-aapl-stock-dip-220110517.html
2019-03-27,3 Tech Stocks for Growth Investors to Buy Right Now,https://finance.yahoo.com/news/3-tech-stocks-growth-investors-162304242.html
2019-04-06,"3 Tech Stocks to Buy for IoT, Cloud & Cybersecurity Growth",https://finance.yahoo.com/news/3-tech-stocks-buy-iot-020002184.html
2019-03-25,The Details on Apple's New Streaming TV Service,https://finance.yahoo.com/news/details-apple-apos-streaming-tv-231800763.html
2019-03-22,Why The New York Times Won't Be Joining Apple's News Service Anytime Soon,https://finance.yahoo.com/news/why-york-times-won-apos-165100097.html
2019-03-15,Better Buy: Netflix vs. Amazon,https://finance.yahoo.com/news/better-buy-netflix-vs-amazon-160800943.html
2019-03-19,Can Apple's Streaming Service Without Netflix Draw Viewers?,https://finance.yahoo.com/news/apples-streaming-without-netflix-draw-201008126.html
2019-03-29,Better Buy: Disney vs. Netflix,https://finance.yahoo.com/news/better-buy-disney-vs-netflix-210000183.html
2019-03-28,Why Apple's New Streaming TV Service Doesn't Need to Rival Netflix,https://finance.yahoo.com/news/why-apple-apos-streaming-tv-222100731.html
2019-03-26,Netflix Earnings: Mark Your Calendar,https://finance.yahoo.com/news/netflix-earnings-mark-calendar-190100687.html
2019-04-09,Netflix Could Already Be Taking a Bite Out of Apple's Services Growth,https://finance.yahoo.com/news/netflix-could-already-taking-bite-175100373.html
2019-03-11,"The stock market rally is dying, yet again - Yahoo Finance",https://finance.yahoo.com/news/the-stock-market-rally-is-dying-yet-again-140806927.html
2019-03-10,Why Did It Take So Long for Spotify to Turn a Profit?,https://finance.yahoo.com/news/why-did-long-spotify-turn-014800031.html
2019-03-19,Netflix Execs Welcome Competition From Apple While Throwing a Little Shade,https://finance.yahoo.com/news/netflix-execs-welcome-competition-apple-191300539.html
2019-03-25,Stock Market News: Apple Prepares to Battle Netflix; American Airlines Struggles With MAX Cancellations,https://finance.yahoo.com/news/stock-market-news-apple-prepares-153437524.html
2019-04-03,Stocks set to rise | Caterpillar shares fall | US-China reportedly near trade deal,https://news.yahoo.com/stocks-set-rise-caterpillar-shares-111448380.html
2019-04-01,Discovery Wants to Be Your Other Streaming Service,https://finance.yahoo.com/news/discovery-wants-other-streaming-204600749.html
2019-04-05,Is Disney Going to Take Over Hulu?,https://finance.yahoo.com/news/disney-going-over-hulu-210700093.html
2019-04-10,Netflix's Would-Be Competitors Must Get This 1 Thing Right,https://finance.yahoo.com/news/netflix-apos-competitors-must-1-150600791.html
2019-03-21,Apple Stock Upgraded: What You Need to Know,https://finance.yahoo.com/news/apple-stock-upgraded-know-165248028.html
2019-04-10,Stocks to rise | JetBlue shares jump | Uber reportedly to sell $10B in stock,https://news.yahoo.com/stocks-rise-jetblue-shares-jump-112326130.html
2019-03-14,Roku Price Target Rises as Needham Rebuts the Naysayers,https://finance.yahoo.com/news/roku-price-target-rises-needham-190933580.html
2019-03-18,Hulu's Price Cuts Will Fuel Its Revenue Growth,https://finance.yahoo.com/news/hulu-apos-price-cuts-fuel-230000491.html
2019-04-04,Sony's Streaming Business Is Quietly Dying,https://finance.yahoo.com/news/sony-apos-streaming-business-quietly-140300038.html
2019-03-28,Netflix's Plan to Win in India: Lower Prices,https://finance.yahoo.com/news/netflix-apos-plan-win-india-135000677.html
2019-03-25,Apple's New Services Anticipate Password Sharing,https://finance.yahoo.com/news/apple-apos-services-anticipate-password-234603894.html
2019-03-26,The Problem With Apple's Services Strategy,https://finance.yahoo.com/news/problem-apple-apos-services-strategy-213000956.html
2019-04-09,Walt Disney Investor Day: 3 Things to Watch,https://finance.yahoo.com/news/walt-disney-investor-day-3-180500861.html
2019-03-15,ETF Of The Week: The Weirdest Fund Turns 20,https://finance.yahoo.com/news/etf-week-weirdest-fund-turns-201500620.html
2019-03-19,Calls to Break Up FAANG -- Except This One,https://finance.yahoo.com/news/calls-break-faang-except-one-111600230.html
2019-03-24,Apple's special event – What to know in the week ahead - Yahoo Finance,https://finance.yahoo.com/news/apples-special-event-what-to-know-the-week-of-march-25-152127784.html
2019-03-13,Politicians trashing corporate buybacks just may be right,https://finance.yahoo.com/news/politicians-trashing-corporate-buybacks-just-221233484.html
