2019-03-25,"10 thing you need to know before the opening bell (SPY, SPX, QQQ, DIA, BA)",https://www.businessinsider.com/stock-market-news-opening-bell-march-25-2019-2019-3
2019-03-18,53% American adults say they don't want to fly on a Boeing 737 Max (BA),https://www.businessinsider.com/americans-dont-want-to-fly-boeing-737-max-survey-2019-3
2019-03-14,Boeing could get hit with a subpoena over its two deadly 737 Max 8 crashes (BA),https://www.businessinsider.com/boeing-could-get-subpoena-over-two-deadly-737-max-8-crashes-2019-3
2019-03-12,Europe has banned the Boeing 737 MAX — a plane that has crashed twice since October (BA),https://www.businessinsider.com/europe-easa-ban-boeing-737-max-2019-3
2019-03-21,Boeing quietly unveiled the $442 million airliner that will replace the 747 jumbo jet (BA),https://www.businessinsider.com/boeing-quietly-unveiled-777x-replace-747-jumbo-jet-2019-3
2019-04-02,"10 things you need to know before the opening bell (SPY, SPX, QQQ, DIA, LYFT, BA)",https://markets.businessinsider.com/news/stocks/stock-market-news-opening-bell-april-2-2019-2019-4-1028077657
2019-03-12,Boeing's market value has plunged by $40 billion from its 2019 peak (BA),https://www.businessinsider.com/boeing-stock-price-market-cap-down-45-billion-from-peak-2019-3
2019-03-23,JPMorgan warns Boeing's 737 Max crisis could drag down the entire US economy (BA),https://www.businessinsider.com/boeings-737-max-crisis-could-grad-down-entire-us-economy-jp-morgan-2019-3
2019-03-14,Millennials were scooping up Boeing's stock amid the 737 Max's turmoil (BA),https://markets.businessinsider.com/news/stocks/millennials-scooping-up-boeing-stock-amid-737-maxs-turmoil-2019-3-1028031914
2019-03-18,"One US airline will likely bear the brunt of the Boeing 737 Max ban (BA, LUV)",https://www.businessinsider.com/southwest-faces-challenge-adapting-to-boeing-737-max-ban-expert-2019-3
2019-03-12,Boeing's sliding stock is erasing more than 100 points from the Dow (BA),https://markets.businessinsider.com/news/stocks/boeing-stock-price-slide-erasing-over-100-dow-points-2019-3-1028023421
2019-03-22,"10 things you need to know before the opening bell (SPY, SPX, QQQ, DIA, TSLA, BA, NKE, LEVI)",https://www.businessinsider.com/stock-market-news-opening-bell-march-22-2019-2019-3
2019-04-02,Boeing is ramping up inspections after the US Air Force rejected its new KC-46 tanker planes again (BA),https://www.businessinsider.com/boeing-ramp-up-inspections-after-us-air-force-rejects-kc-46-deliveries-2019-4
2019-03-12,"10 things you need to know before the opening bell (SPY, SPX, QQQ, DIA, TSLA, BA, AAPL, WFC, SFIX)",https://markets.businessinsider.com/news/stocks/stock-market-news-opening-bell-march-12-2019-2019-3-1028022340
2019-04-04,Boeing and Ethiopian investigators confirm a faulty sensor was triggered on the 737 Max shortly before it crashed (BA),https://www.businessinsider.com/boeing-ethiopian-investigators-confirm-bad-sensor-triggered-faulty-software-before-crash-2019-4
2019-03-26,"10 things you need to know before the opening bell (SPY, SPX, QQQ, DIA, BA, AAPL, WFC)",https://markets.businessinsider.com/news/stocks/stock-market-news-opening-bell-march-26-2019-2019-3-1028058427
2019-04-05,"10 things you need to know before the opening bell (SPY, SPX, QQQ, DIA, TSLA, BA, AMZN, TW)",https://www.businessinsider.com/stock-market-news-opening-bell-april-5-2019-2019-4
2019-04-08,"10 things you need to know before the opening bell (SPY, SPX, QQQ, DIA, BA, LYFT, BCS)",https://www.businessinsider.com/stock-market-news-opening-bell-april-8-2019-2019-4
2019-03-19,The US government wants to audit how the Boeing 737 Max got approved to fly by the FAA (BA),https://www.businessinsider.com/us-government-audit-faa-boeing-737-max-certification-process-2019-3
2019-03-13,Here's why Boeing's stock didn't get whacked after Trump's emergency order to ground the 737 Max (BA),https://markets.businessinsider.com/news/stocks/boeing-stock-price-trump-grounds-737-max-not-dropping-2019-3-1028028596
2019-03-12,A major flight attendant’s union is calling on US regulators to investigate the plane involved in two crashes in five months (BA),https://www.businessinsider.com/ethiopian-crash-flight-attendants-calls-faa-investigate-737-max-8-2019-3
2019-03-25,UK bank customers were scammed out of $1.58 billion in 2018 — a jump driven by an spike in data breaches (BA),https://www.businessinsider.com/data-breaches-spike-uk-bank-fraud-2019-3
2019-04-07,A timeline of Ethiopian Airlines Flight ET302 shows its pilots fighting desperately to save their doomed Boeing 737 Max jet (BA),https://www.businessinsider.com/ethiopian-airlines-et302-boeing-737-max-crash-timeline-2019-4
2019-03-13,Boeing’s software update to the 737 Max 8 was reportedly delayed more than a month because of the government shutdown (BA),https://www.businessinsider.com/boeing-ethiopian-crash-government-shutdown-delayed-plane-software-fix-2019-3
2019-03-14,This is one of the black boxes that could unlock the cause of the Ethiopian Airlines Boeing 737 Max crash (BA),https://www.businessinsider.com/ethiopian-airlines-boeing-737-max-black-box-2019-3
2019-03-12,'You basically put a student pilot in there': The co-pilot of crashed Ethiopian Airlines Flight 302 had just 200 hours of flight experience (BA),https://www.businessinsider.com/ethiopian-airlines-flight-302-co-pilot-200-flight-hours-2019-3
2019-03-14,The government's grounding of all Boeing 737 Max jets is a reminder that the US still doesn't have a leader for its top air safety agency (BA),https://www.businessinsider.com/boeing-737-max-grounding-reminder-trump-has-not-filled-federal-aviation-administration-lead-2019-3
2019-03-26,British Airways accidentally sent a plane to Scotland instead of Germany — and it turns out flights getting lost is more common than you think,https://www.businessinsider.com/lost-flights-british-airways-scotland-germany-surprisingly-common-2019-3
2019-03-13,Here's how much Boeing is estimated to make on each 737 MAX 8 plane (BA),https://www.businessinsider.com/boeing-737-max-profit-moodys-2019-3
2019-03-18,The Ethiopian Airlines and Lion Air crashes show eerie similarities — here are all the things they have in common (BA),https://www.businessinsider.com/ethiopian-airlines-lion-air-crashes-similarities-2019-3
2019-03-29,"Being CEO is an incredibly lonely job, but here are the 3 things that have saved me again and again",https://www.businessinsider.com/ceo-loneliness-josh-leslie-advice-2019-3
2019-03-13,The US government says it has no reason to ground the Boeing 737 MAX that has crashed twice since October (BA),https://www.businessinsider.com/faa-says-no-basis-ground-boeing-737-max-2019-3
2019-03-12,"'If it’s Boeing, I’m not going’: People are freaking out about flying on the same plane that has now crashed twice in 5 months (BA)",https://www.businessinsider.com/boeing-737-max-8-crash-people-freaking-out-about-flying-on-same-plane-2019-3
2019-03-25,One airline has attempted to cancel its order for Boeing's 737 Max 8. Here's why it would be difficult for other airlines to do the same. (BA),https://www.businessinsider.com/boeing-737-max-8-orders-unlikely-canceled-experts-2019-3
2019-04-05,A little-known quirk on the Boeing 737 may have made things difficult for the pilots of the crashed Ethiopian Airlines flight (BA),https://www.businessinsider.com/boeing-737-design-quirk-may-have-complicated-ethiopian-airlines-flight-2019-4
2019-03-11,"The Boeing 737 MAX flies with American, United, and Southwest. Here's how to find out if you're flying on one. (BA, AAL, UAL, LUV)",https://www.businessinsider.com/boeing-737max-how-to-find-out-if-flying-on-one-2019-3
2019-03-13,Boeing and Brexit drama are hitting market sentiment (BA),https://markets.businessinsider.com/news/stocks/stock-market-news-brexit-and-boeing-drama-hit-sentiment-2019-3-1028026218
2019-03-14,"10 things you need to know before the opening bell (SPY, SPX, QQQ, DIA, FB, BA)",https://markets.businessinsider.com/news/stocks/stock-market-news-march-14-2019-2019-3-1028030231
2019-03-11,"Southwest has the largest exposure of all US airlines to Boeing's 737 Max (LUV, BA)",https://markets.businessinsider.com/news/stocks/boeing-737-max-southwest-airlines-has-most-exposure-in-us-2019-3-1028020060
2019-03-11,"Southwest has the largest exposure of all US airlines to Boeing's 737 Max (LUV, BA)",https://www.businessinsider.com/boeing-737-max-southwest-airlines-has-most-exposure-in-us-2019-3
2019-03-12,Boeing's market value has plunged by $40 billion from its 2019 peak (BA),https://markets.businessinsider.com/news/stocks/boeing-stock-price-market-cap-down-45-billion-from-peak-2019-3-1028024507
2019-03-13,"10 things you need to know before the opening bell (SPY, SPX, QQQ, DIA, BA, TSLA)",https://www.businessinsider.com/stock-market-news-opening-bell-march-13-2019-2019-3
2019-03-28,Millennials keep pouring money into Boeing after the 737 Max turmoil (BA),https://www.businessinsider.com/millennials-keep-pouring-money-into-boeing-after-the-737-max-turmoil-2019-3
2019-03-26,"A Southwest Airlines Boeing 737 Max just made an emergency landing in Florida (LUV, BA)",https://www.businessinsider.com/southwest-airlines-boeing-737-max-makes-emergency-landing-florida-2019-3
2019-03-28,Millennials keep pouring money into Boeing after the 737 Max turmoil (BA),https://markets.businessinsider.com/news/stocks/millennials-keep-pouring-money-into-boeing-after-the-737-max-turmoil-2019-3-1028068115
2019-03-25,"10 thing you need to know before the opening bell (SPY, SPX, QQQ, DIA, BA)",https://markets.businessinsider.com/news/stocks/stock-market-news-opening-bell-march-25-2019-2019-3-1028055079
2019-04-05,UBS is cutting its Boeing estimates in the face of the company's 737 Max crisis (BA),https://www.businessinsider.com/boeing-737-max-crisis-wall-street-bank-ubs-cuts-plane-delivery-outlook-2019-4
2019-03-14,Millennials were scooping up Boeing's stock amid the 737 Max's turmoil (BA),https://www.businessinsider.com/millennials-scooping-up-boeing-stock-amid-737-maxs-turmoil-2019-3
2019-03-13,Boeing and Brexit drama are hitting market sentiment (BA),https://www.businessinsider.com/stock-market-news-brexit-and-boeing-drama-hit-sentiment-2019-3
2019-04-08,Boeing sinks after cutting production of the 737 Max (BA),https://www.businessinsider.com/boeing-stock-price-sinks-cutting-production-737-max-2019-4
2019-03-15,"10 things you need to know before the opening bell (SPY, SPX, QQQ, DIA, TSLA, BA, AAPL, ULTA)",https://markets.businessinsider.com/news/stocks/stock-market-news-opening-bell-march-15-2019-2019-3-1028033597
2019-03-22,Indonesia's flagship airline cancels $5 billion order for 49 Boeing 737 Max 8 jets after deadly crashes (BA),https://www.businessinsider.com/indonesia-garuda-airline-cancels-5bn-boeing-737-max-8-order-2019-3
2019-03-11,"FAA says Boeing 737 Max 8, the plane that's crashed twice in 5 months, is still safe to fly (BA)",https://www.businessinsider.com/faa-says-boeing-737-max-8-is-safe-fly-despite-deadly-crashes-2019-3
2019-03-11,"10 things you need to know before the opening bell (SPY, SPX, QQQ, DIA, BA, TSLA, NVDA, MLNX, AMZN)",https://www.businessinsider.com/stock-market-news-opening-bell-march-11-2019-2019-3
2019-04-02,Senate investigating whistleblowers' claims that government safety inspectors who approved Boeing's 737 Max plane lacked sufficient training (BA),https://www.businessinsider.com/boeing-737-max-faa-whistleblowers-say-safety-inspectors-lack-training-2019-4
2019-03-13,Here's why Boeing's stock didn't get whacked after Trump's emergency order to ground the 737 Max (BA),https://www.businessinsider.com/boeing-stock-price-trump-grounds-737-max-not-dropping-2019-3
2019-04-03,"10 things you need to know before the opening bell (SPY, SPX, QQQ, DIA, BA, APRN, GME)",https://www.businessinsider.com/stock-market-news-opening-bell-april-3-2019-2019-4
2019-04-09,"Goldman Sachs slashes its Boeing price target, says 737 Max deliveries will go to zero in Q2 (BA)",https://markets.businessinsider.com/news/stocks/boeing-stock-price-target-slashed-goldman-sachs-2019-4-1028096739
2019-03-20,"10 things you need to know before the opening bell (SPY, SPX, QQQ, DIA, DIS, BA, FDX)",https://www.businessinsider.com/stock-market-news-opening-bell-march-20-2018-2019-3
2019-03-22,"10 things you need to know before the opening bell (SPY, SPX, QQQ, DIA, TSLA, BA, NKE, LEVI)",https://markets.businessinsider.com/news/stocks/stock-market-news-opening-bell-march-22-2019-2019-3-1028051576
2019-03-11,Boeing's big drop is shaving more than 300 points off the Dow (BA),https://markets.businessinsider.com/news/stocks/boeing-stock-big-drop-shaving-over-300-points-off-dow-2019-3-1028019199
2019-03-18,Boeing slides after authorities say Ethiopian Airlines and Lion Air crashes have 'clear similarities' (BA),https://www.businessinsider.com/boeing-stock-price-ethiopian-airlines-lion-air-crashes-similar-2019-3
2019-03-13,Boeing is sliding after Trump issued an emergency order to ground 737 Max planes (BA),https://markets.businessinsider.com/news/stocks/boeing-stock-price-sliding-after-trump-issues-order-to-ground-the-737-max-2019-3-1028028304
2019-04-02,"10 things you need to know before the opening bell (SPY, SPX, QQQ, DIA, LYFT, BA)",https://www.businessinsider.com/stock-market-news-opening-bell-april-2-2019-2019-4
2019-03-25,Ethiopian CEO says the airline still 'believes in Boeing' after 737 Max crash (BA),https://www.businessinsider.com/ethiopian-airlines-ceo-boeing-737-max-crash-2019-3
2019-03-14,"10 things you need to know before the opening bell (SPY, SPX, QQQ, DIA, FB, BA)",https://www.businessinsider.com/stock-market-news-march-14-2019-2019-3
2019-03-13,Boeing's big sell-off is causing the Dow to lag the S&P 500 (BA),https://www.businessinsider.com/stock-marker-news-boeing-sell-off-causing-dow-to-lag-sp-500-2019-3
2019-03-19,Boeing’s CEO wrote an open letter about the 737 Max plane groundings — here’s what he says the company is doing after two deadly crashes (BA),https://www.businessinsider.com/boeing-ceo-writes-open-letter-about-737-max-crashes-full-text-2019-3
2019-03-15,Boeing's stock jumps after report says the plane maker will roll out a software upgrade for the 737 Max in 10 days (BA),https://www.businessinsider.com/boeings-stock-price-report-roll-out-software-upgrade-2019-3
2019-04-09,"American Airlines is the second airline to warn investors that Boeing's 737 Max crisis will hurt its financial performance (AAL, BA)",https://www.businessinsider.com/american-airlines-cuts-first-quarter-forecast-for-unit-revenue-2019-4
2019-04-03,The sensor believed to be at the heart of the Lion Air Boeing 737 Max disaster was reportedly repaired at a workshop in Florida before the crash (BA),https://www.businessinsider.com/boeing-investigation-sensor-in-737-max-crash-linked-to-florida-shop-2019-4
2019-03-12,"Everything we know about Ethiopian Airlines’ deadly crash of a Boeing 737 Max 8, the second disaster involving the plane in 5 months (BA)",https://www.businessinsider.com/ethiopian-airlines-boeing-737-max-crash-timeline-impact-2019-3
2019-03-21,"The crashed Lion Air and Ethiopian jets lacked safety features that could have helped because Boeing charged extra for them, report says (BA)",https://www.businessinsider.com/boeing-charged-for-safety-features-that-ethiopian-lion-air-lacked-nyt-2019-3
2019-03-26,"China signs $34 billion order for 300 Airbus planes as country suspends licenses for Boeing 737 Max aircraft after deadly crashes (BA, AIRBUS)",https://www.businessinsider.com/china-orders-300-airbus-planes-as-it-suspends-boeing-737-max-licenses-2019-3
2019-03-12,Boeing is going to update the 737 MAX control software that's designed to fix a problem with the way the planes flies (BA),https://www.businessinsider.com/boeing-737-max-receive-updated-control-software-2019-3
2019-03-15,"10 things you need to know before the opening bell (SPY, SPX, QQQ, DIA, TSLA, BA, AAPL, ULTA)",https://www.businessinsider.com/stock-market-news-opening-bell-march-15-2019-2019-3
2019-04-08,"10 things you need to know before the opening bell (SPY, SPX, QQQ, DIA, BA, LYFT, BCS)",https://markets.businessinsider.com/news/stocks/stock-market-news-opening-bell-april-8-2019-2019-4-1028092159
2019-03-11,"10 things you need to know before the opening bell (SPY, SPX, QQQ, DIA, BA, TSLA, NVDA, MLNX, AMZN)",https://markets.businessinsider.com/news/stocks/stock-market-news-opening-bell-march-11-2019-2019-3-1028018490
2019-03-13,The United States will ground the Boeing 737 Max after its second crash in five months (BA),https://www.businessinsider.com/us-bans-boeing-737-max-8-after-ethiopian-airline-lion-air-crashes-2019-3
2019-04-10,"10 things you need to know before the opening bell (SPY, SPX, QQQ, DIA, BA, JBLU, LEVI)",https://markets.businessinsider.com/news/stocks/stock-market-news-opening-bell-april-10-2019-2019-4-1028099677
2019-03-12,"10 things you need to know before the opening bell (SPY, SPX, QQQ, DIA, TSLA, BA, AAPL, WFC, SFIX)",https://www.businessinsider.com/stock-market-news-opening-bell-march-12-2019-2019-3
2019-03-25,Boeing's 737 Max crisis could have a bigger effect on the US economy than the government shutdown (BA),https://www.businessinsider.com/boeing-737-max-crisis-could-have-bigger-impact-than-government-shutdown-2019-3
2019-04-04,"10 things you need to know before the opening bell (SPY, SPX, QQQ, DIA, BA, TSLA, LYFT)",https://markets.businessinsider.com/news/stocks/stock-market-news-opening-bell-april-4-2019-2019-4-1028085583
2019-04-05,"10 things you need to know before the opening bell (SPY, SPX, QQQ, DIA, TSLA, BA, AMZN, TW)",https://markets.businessinsider.com/news/stocks/stock-market-news-opening-bell-april-5-2019-2019-4-1028088975
2019-04-04,"10 things you need to know before the opening bell (SPY, SPX, QQQ, DIA, BA, TSLA, LYFT)",https://www.businessinsider.com/stock-market-news-opening-bell-april-4-2019-2019-4
2019-03-26,"10 things you need to know before the opening bell (SPY, SPX, QQQ, DIA, BA, AAPL, WFC)",https://www.businessinsider.com/stock-market-news-opening-bell-march-26-2019-2019-3
2019-03-12,Boeing’s CEO reportedly asked President Trump to not ground its plane that has crashed twice in 5 months (BA),https://www.businessinsider.com/boeing-ceo-called-president-trump-after-737-max-8-disaster-ny-times-2019-3
2019-03-15,Boeing's stock jumps after report says the plane maker will roll out a software upgrade for the 737 Max in 10 days (BA),https://markets.businessinsider.com/news/stocks/boeings-stock-price-report-roll-out-software-upgrade-2019-3-1028034695
2019-04-04,"Boeing investigation reportedly finds new, 'relatively minor' software problem with 737 Max (BA)",https://www.businessinsider.com/boeing-737-max-new-software-minor-problem-found-2019-4
2019-03-13,Boeing says it encouraged the FAA to temporarily ban its 737 Max planes (BA),https://www.businessinsider.com/boeing-encouraged-faa-to-temporarily-ban-737-max-planes-2019-3
2019-03-13,"Here’s what United, Southwest, and American Airlines are doing after the US grounded all Boeing 737 Max planes (LUV, AAL, UAL, BA)",https://www.businessinsider.com/flights-cancelled-after-us-grounds-boeing-737-max-8-airplanes-2019-3
2019-03-19,The Boeing 737 Max is likely to be the last version of the best-selling airliner of all time (BA),https://www.businessinsider.com/boeing-737-max-design-pushed-to-limit-2019-3
2019-03-12,"Boeing has $400 billion in orders on the books, 80% of them are for the 737 (BA)",https://www.businessinsider.com/boeing-737-max-important-boeing-business-2019-3
2019-03-21,Boeing will start including a safety feature that customers previously had to pay for on all 737 Max aircraft (BA),https://www.businessinsider.com/boeing-to-make-737-max-safety-feature-standard-2019-3
2019-03-21,The DOJ has reportedly subpoenaed Boeing as part of a criminal investigation involving the 737 Max (BA),https://www.businessinsider.com/doj-reportedly-subpoenas-boeing-as-part-of-criminal-investigation-2019-3
2019-03-12,These airlines will likely take the biggest hit after the Boeing 737 Max was involved in two deadly crashes (BA),https://www.businessinsider.com/southwest-american-united-most-impacted-boeing-737-troubles-2019-3
2019-03-14,Pilots experienced these 6 problems with the Boeing 737 Max 8 in the months before its second deadly crash (BA),https://www.businessinsider.com/pilots-made-complaints-about-boeing-737-max-8-2019-3
2019-03-11,Boeing's big drop shaving more than 300 points off the Dow (BA),https://www.businessinsider.com/boeing-stock-big-drop-shaving-over-300-points-off-dow-2019-3
2019-03-11,"These 12 airlines have the most Boeing 737 MAX aircraft in their fleet (BA, LUV, AAL, UAL)",https://www.businessinsider.com/boeing-737-max-airlines-with-most-planes-2019-3
2019-03-16,"The worst outcome for Boeing after two deadly crashes involving its 737 Max 8 aircraft could lead airlines to lose trust in the company, an expert says (BA)",https://www.businessinsider.com/boeing-lose-airlines-trust-crash-investigations-2019-3
