2019-03-11,Deep Dive: Here are Monday’s stock-market winners after five-day losing streak is broken,https://www.marketwatch.com/story/here-are-mondays-stock-market-winners-after-five-day-losing-streak-is-broken-2019-03-11
2019-04-04,"Boeing CEO apologizes for crashes, says fix is a few weeks away",https://www.marketwatch.com/story/boeing-ceo-apologizes-for-crashes-says-fix-is-a-few-weeks-away-2019-04-04
2019-03-12,Key Words: Warren calls for Congress to question if Trump is protecting Boeing,https://www.marketwatch.com/story/warren-calls-for-congress-to-question-if-trump-is-protecting-boeing-2019-03-12
2019-03-12,In One Chart: Check out this graphic and sleep tight on your retirement account,https://www.marketwatch.com/story/check-out-this-graphic-and-sleep-tight-on-your-retirement-account-2019-03-12
2019-03-28,"The Tell: ‘Boeing has a lot of work to do, very promptly’ says Buffett",https://www.marketwatch.com/story/boeing-has-a-lot-of-work-to-do-very-promptly-says-buffett-2019-03-28
2019-03-13,Economic Report: Durable-goods orders rise in January for 3rd straight month and investment rebounds,https://www.marketwatch.com/story/durable-goods-orders-rise-in-january-for-3rd-straight-month-and-investment-rebounds-2019-03-13
2019-03-11,London Markets: London markets climb; mining shares boost FTSE 100,https://www.marketwatch.com/story/london-markets-climb-mining-shares-boost-ftse-100-2019-03-11
2019-03-13,"Economic Report: Wholesale prices creep higher in February, PPI shows, but inflation poses little threat",https://www.marketwatch.com/story/wholesale-prices-creep-higher-in-february-but-inflation-poses-little-threat-ppi-shows-2019-03-13
2019-03-11,Europe Markets: European markets positive ahead of crucial Brexit vote; Commerzbank adds 4%,https://www.marketwatch.com/story/european-markets-positive-ahead-of-crucial-brexit-vote-commerzbank-adds-4-2019-03-11
2019-03-14,"Capitol Report: As Congress readies for hearings, here’s a look at Boeing’s influence in Washington",https://www.marketwatch.com/story/as-congress-readies-for-hearings-heres-a-look-at-boeings-influence-in-washington-2019-03-14
2019-03-12,The Tell: Boeing’s 737 Max jet has now been grounded by these countries,https://www.marketwatch.com/story/boeings-737-max-jet-has-now-been-grounded-by-these-countries-2019-03-12
2019-03-12,Flight attendants union requests FAA investigation into Boeing 737 Max,https://www.marketwatch.com/story/flight-attendants-union-requests-faa-investigation-into-boeing-737-max-2019-03-12
2019-03-14,Outside the Box: ETFs are compounding the divergence between the Dow and the Nasdaq-100,https://www.marketwatch.com/story/etfs-are-compounding-the-divergence-between-the-dow-and-the-nasdaq-100-2019-03-14
2019-03-12,"Airline stocks fall, even those without 737 Max exposure",https://www.marketwatch.com/story/airline-stocks-fall-even-those-without-737-max-exposure-2019-03-12
2019-04-09,Economic Report: U.S. job openings fall sharply to the lowest level in nearly a year,https://www.marketwatch.com/story/us-job-openings-fall-in-february-to-lowest-level-in-nearly-a-year-2019-04-09
2019-03-14,London Markets: London markets climb after parliament rule out a no-deal Brexit; miners slip on China data,https://www.marketwatch.com/story/london-markets-climb-after-parliament-rule-out-a-no-deal-brexit-miners-slip-on-china-data-2019-03-14
2019-04-09,Asia Markets: Asia stocks struggle for gains as investors watch trade issues,https://www.marketwatch.com/story/asia-stocks-struggle-for-gains-as-investors-watch-trade-issues-2019-04-09
2019-03-19,FAA on Sullenberger criticisms of Boeing 737 Max: Certification process ‘consistently produced safe aircraft designs’,https://www.marketwatch.com/story/faa-on-sullenberger-criticisms-of-boeing-737-max-certification-process-consistently-produced-safe-aircraft-designs-2019-03-19
2019-03-13,"Market Snapshot: Stock market poised for tepid rise, but Dow remains under pressure amid Boeing 737 8 woes",https://www.marketwatch.com/story/stock-market-poised-for-tepid-rise-but-dow-remains-under-pressure-amid-boeing-737-8-woes-2019-03-13
2019-03-11,Airline stocks tumble after second deadly crash involving Boeing’s 737 Max,https://www.marketwatch.com/story/airline-stocks-tumble-after-second-deadly-crash-involving-boeings-737-max-2019-03-11
2019-03-26,Outside the Box: Here’s how Boeing should fix its crisis management around the 737 Max,https://www.marketwatch.com/story/boeings-crisis-management-around-the-737-max-is-all-wrong-2019-03-26
2019-03-18,"The Conversation: In Boeing crash, look at automatic control systems",https://www.marketwatch.com/story/in-boeing-crash-look-at-automatic-control-systems-2019-03-18
2019-03-12,"U.S., Canada keep 737 Max 8 in the air, and that’s about the only good news for Boeing",https://www.marketwatch.com/story/us-canada-keep-737-max-8-in-the-air-and-thats-about-the-only-good-news-for-boeing-2019-03-12
2019-04-08,Boeing’s stock drags Dow lower as surprise production cuts spook market,https://www.marketwatch.com/story/boeings-stock-drags-dow-lower-as-surprise-production-cuts-spook-market-2019-04-08
2019-03-14,"Market Snapshot: Stock futures edge lower as investors weigh weak China data, Brexit drama",https://www.marketwatch.com/story/stock-futures-edge-lower-as-investors-weigh-weak-china-data-brexit-drama-2019-03-14
2019-03-13,Here’s what robots destroy when they compete with humans,https://www.marketwatch.com/story/heres-what-robots-destroy-when-they-compete-with-humans-2019-03-13
2019-03-11,"Need to Know: An ‘unwholesome appetite’ for stocks could spoil this fairytale, strategist warns",https://www.marketwatch.com/story/an-unwholesome-appetite-for-stocks-could-spoil-this-fairytale-strategist-warns-2019-03-11
2019-03-13,Need to Know: DoubleLine Capital founder Gundlach sees a correction coming; others stand ready to buy that dip,https://www.marketwatch.com/story/doubleline-capital-founder-gundlach-sees-a-correction-coming-others-stand-ready-to-buy-that-dip-2019-03-13
2019-04-04,"Need to Know: Buy dollars even if stocks keep rising, says Goldman alumnus who predicted the financial crisis",https://www.marketwatch.com/story/buy-dollars-even-if-stocks-keep-rising-says-goldman-alumnus-who-predicted-the-financial-crisis-2019-04-04
2019-03-13,How the grounding of the Boeing 737 Max planes will affect air travelers,https://www.marketwatch.com/story/how-the-grounding-of-the-boeing-737-max-planes-will-affect-air-travelers-2019-03-13
2019-03-14,5 legitimate charities that help low-income students get into college,https://www.marketwatch.com/story/5-legitimate-charities-that-help-low-income-students-get-into-college-2019-03-14
2019-04-09,"Need to Know: The start of a new rally for oil prices? Not so fast, says this strategist",https://www.marketwatch.com/story/the-start-of-a-new-rally-for-oil-prices-not-so-fast-says-this-strategist-2019-04-09
2019-03-13,"Dow ends higher as Boeing snaps 7-session skid, while Trump grounds 737 Max jets",https://www.marketwatch.com/story/dow-ends-higher-as-boeing-snaps-7-session-skid-while-trump-grounds-737-max-jets-2019-03-13
2019-03-11,"Dow off 150 points, dragged lower by Boeing as other indexes gain ground",https://www.marketwatch.com/story/dow-off-150-points-dragged-lower-by-boeing-as-other-indexes-gain-ground-2019-03-11
2019-03-26,All 30 Dow stocks trading higher in premarket,https://www.marketwatch.com/story/all-30-dow-stocks-trading-higher-in-premarket-2019-03-26
2019-03-12,Stocks end mostly higher; Dow dragged lower by Boeing shares,https://www.marketwatch.com/story/stocks-end-mostly-higher-dow-dragged-lower-by-boeing-shares-2019-03-12
2019-03-18,Stocks open mostly higher; Boeing weighs on Dow,https://www.marketwatch.com/story/stocks-open-mostly-higher-boeing-weighs-on-dow-2019-03-18
2019-03-19,Chao requests investigation into certification of Boeing 737-Max 8 aircraft,https://www.marketwatch.com/story/chao-requests-investigation-into-certification-of-boeing-737-max-8-aircraft-2019-03-19
2019-03-27,Boeing says 737 Max review finds no other problems,https://www.marketwatch.com/story/boeing-says-737-max-review-finds-no-other-problems-2019-03-27
2019-03-13,Boeing to recommend FAA to ground 737 Max,https://www.marketwatch.com/story/boeing-to-recommend-faa-to-ground-737-max-2019-03-13
2019-04-01,Boeing needs more work to complete 737 Max software fix: FAA,https://www.marketwatch.com/story/boeing-needs-more-work-to-complete-737-max-software-fix-faa-2019-04-01
2019-04-09,"Boeing Q1 airplane deliveries fall, with 737 deliveries down nearly 50% from previous quarter",https://www.marketwatch.com/story/boeing-q1-airplane-deliveries-fall-with-737-deliveries-down-nearly-50-from-previous-quarter-2019-04-09
2019-03-18,Boeing's stock drop can be blamed for Dow futures trading lower,https://www.marketwatch.com/story/boeings-stock-drop-can-be-blamed-for-dow-futures-trading-lower-2019-03-18
2019-03-12,Sen. Mitt Romney becomes first Republican Senator calling for FAA to ground 737 Max 8 airplanes,https://www.marketwatch.com/story/sen-mitt-romney-becomes-first-republican-senator-calling-for-faa-to-ground-737-max-8-airplanes-2019-03-12
2019-04-01,All 30 Dow stocks rise premarket,https://www.marketwatch.com/story/all-30-dow-stocks-rise-premarket-2019-04-01
2019-03-12,Boeing stock tumbled toward biggest 2-day selloff in over 10 years,https://www.marketwatch.com/story/boeing-stock-tumbled-toward-biggest-2-day-selloff-in-over-10-years-2019-03-12
2019-03-15,Air Canada suspends 2019 financial guidance over Boeing 737 Max grounding,https://www.marketwatch.com/story/air-canada-suspends-2019-financial-guidance-over-boeing-737-max-grounding-2019-03-15-791715
2019-03-12,Southwest's stock slumps toward longest losing streak in 9 years,https://www.marketwatch.com/story/southwests-stock-slumps-toward-longest-losing-streak-in-9-years-2019-03-12
2019-03-11,Southwest says it remains 'confident' in its fleet of Boeing planes after Ethiopia crash,https://www.marketwatch.com/story/southwest-says-it-remains-confident-in-its-fleet-of-boeing-planes-after-ethiopia-crash-2019-03-11
2019-03-18,Stocks finish slightly higher as Dow picks up fourth straight gain,https://www.marketwatch.com/story/stocks-finish-slightly-higher-as-dow-picks-up-fourth-straight-gain-2019-03-18
2019-03-18,"Boeing 737 Max grounding could drag on, analyst says",https://www.marketwatch.com/story/boeing-737-max-grounding-could-drag-on-analyst-says-2019-03-18
2019-04-05,Boeing cuts 737 production to focus on 'returning the Max to flight',https://www.marketwatch.com/story/boeing-cuts-737-production-to-focus-on-returning-the-max-to-flight-2019-04-05
2019-04-09,"American Airlines trims unit revenue, margin outlook; shares rally",https://www.marketwatch.com/story/american-airlines-trims-unit-revenue-margin-outlook-shares-rally-2019-04-09
2019-04-10,"Boeing's stock slips after J.P Morgan cuts price target, earnings outlook",https://www.marketwatch.com/story/boeings-stock-slips-after-jp-morgan-cuts-price-target-earnings-outlook-2019-04-10
2019-04-08,Boeing's stock set to cut over 100 points off the Dow,https://www.marketwatch.com/story/boeings-stock-set-to-cut-over-100-points-off-the-dow-2019-04-08
2019-03-26,Pilots on Lion Air flight that crashed had less than 40 seconds to override automated system: NYT,https://www.marketwatch.com/story/pilots-on-lion-air-flight-that-crashed-had-less-than-40-seconds-to-override-automated-system-nyt-2019-03-26
2019-03-11,"Dow stages powerful, 365-point reversal, shaking off Boeing's stock woes",https://www.marketwatch.com/story/dow-stages-powerful-365-point-reversal-shaking-off-boeings-stock-woes-2019-03-11
2019-03-13,Airline stocks pare some gains after Canada bans Boeing 737 MAX jets,https://www.marketwatch.com/story/airline-stocks-pare-some-gains-after-canada-bans-boeing-737-max-jets-2019-03-13
2019-03-13,Southwest's stock dives into the red after Trump's call to ban Boeing 737 Max jets,https://www.marketwatch.com/story/southwests-stock-dives-into-the-red-after-trumps-call-to-ban-boeing-737-max-jets-2019-03-13
2019-03-14,"Boeing to pause 737 Max deliveries after groundings, crashes",https://www.marketwatch.com/story/boeing-to-pause-737-max-deliveries-after-groundings-crashes-2019-03-14
2019-03-18,Airline stocks falls to pace Dow transport decliners,https://www.marketwatch.com/story/airline-stocks-falls-to-pace-dow-transport-decliners-2019-03-18
2019-04-08,Dow off 150 points at the open as investors await fresh batch of corporate earnings,https://www.marketwatch.com/story/dow-off-150-points-at-the-open-as-investors-await-fresh-batch-of-corporate-earnings-2019-04-08
2019-04-10,Intelsat lost communication with Boeing-made satellite,https://www.marketwatch.com/story/intelsat-lost-communication-with-boeing-made-satellite-2019-04-10
2019-03-25,American Airlines 'cannot' forecast costs of grounding of 737 MAX aircraft because of uncertainties,https://www.marketwatch.com/story/american-airlines-cannot-forecast-costs-of-grounding-of-737-max-aircraft-because-of-uncertainties-2019-03-25
2019-04-05,Boeing stock's price target cut to $500 at UBS,https://www.marketwatch.com/story/boeing-stocks-price-target-cut-to-500-at-ubs-2019-04-05
2019-04-08,Southwest's stock drops after analyst downgrades on concerns over 737 MAX groundings,https://www.marketwatch.com/story/southwests-stock-drops-after-analyst-downgrades-on-concerns-over-737-max-groundings-2019-04-08
2019-03-27,"Dow transports surge with airlines leading all components higher, despite broader stock market slump",https://www.marketwatch.com/story/dow-transports-surge-with-airlines-leading-all-components-higher-despite-broader-stock-market-slump-2019-03-27
2019-04-04,Initial report on Boeing 737 Max's fatal Ethiopia crash points to stall prevention feature,https://www.marketwatch.com/story/initial-report-on-boeing-737-maxs-fatal-ethiopia-crash-points-to-stall-prevention-feature-2019-04-04
2019-03-11,Boeing's stock set to slash more than 250 points from Dow industrials as China grounds 737 planes,https://www.marketwatch.com/story/boeings-stock-set-to-slash-more-than-250-points-from-dow-industrials-as-china-grounds-737-planes-2019-03-11
2019-03-13,Norwegian Air expects compensation from Boeing for grounded 737 MAX planes--WSJ,https://www.marketwatch.com/story/norwegian-air-expects-compensation-from-boeing-for-grounded-737-max-planes--wsj-2019-03-13
2019-04-03,"Stock market trades at session low with energy sector, Boeing's stock weighing",https://www.marketwatch.com/story/stock-market-trades-at-session-low-with-energy-sector-boeings-stock-weighing-2019-04-03
2019-03-12,"Boeing's stock extends slide, on track to be a 60-point drag on the Dow",https://www.marketwatch.com/story/boeings-stock-extends-slide-on-track-to-be-a-60-point-drag-on-the-dow-2019-03-12
2019-03-14,"Grounding of Boeing 737 Max jets not a big deal for airlines, S&P Global says",https://www.marketwatch.com/story/grounding-of-boeing-737-max-jets-not-a-big-deal-for-airlines-sp-global-says-2019-03-14
2019-04-09,Dow skids more than 200 points in morning action amid Trump's European tariff threat,https://www.marketwatch.com/story/dow-skids-more-than-200-points-in-morning-action-amid-trumps-european-tariff-threat-2019-04-09
2019-04-08,U.S. threatens tariffs on European wine and cheese in response to Airbus subsidies,https://www.marketwatch.com/story/us-threatens-tariffs-on-european-wine-and-cheese-in-response-to-airbus-subsidies-2019-04-08
2019-04-10,"Boeing's stock leads Dow losers, lowers Dow's price by 33 points",https://www.marketwatch.com/story/boeings-stock-leads-dow-losers-lowers-dows-price-by-33-points-2019-04-10
2019-03-20,Boeing stock drops after report FBI is joining investigation into 737 Max,https://www.marketwatch.com/story/fbi-joining-boeing-737-max-probe-report-2019-03-20
2019-03-13,Dow rises by more than 100 points at the open as Boeing attempts to snap 2-session rout,https://www.marketwatch.com/story/dow-rises-by-more-than-100-points-at-the-open-as-boeing-attempts-to-snap-2-session-rout-2019-03-13
2019-03-14,Stock market ends mostly lower as Sino-American trade worries keeps Wall Street buying appetite in check,https://www.marketwatch.com/story/stock-market-ends-mostly-lower-as-sino-american-trade-worries-keeps-wall-street-buying-appetite-in-check-2019-03-14
2019-03-13,U.S. companies are pulling business travelers from Boeing 737 Max 8 jets: FT,https://www.marketwatch.com/story/us-companies-are-pulling-business-travelers-from-boeing-737-max-8-jets-ft-2019-03-13
2019-04-04,"Boeing CEO apologizes for fatal 737 Max crashes, promises fix in a few weeks",https://www.marketwatch.com/story/boeing-ceo-apologizes-for-fatal-737-max-crashes-promises-fix-in-a-few-weeks-2019-04-04
2019-03-11,Dow erases triple-digit decline to close up 200 points,https://www.marketwatch.com/story/stocks-snap-five-day-losing-streak-dow-logs-200-point-gain-2019-03-11
2019-03-13,Boeing turns negative as Canada bars 737 Max 8 and Max 9 from its airspace,https://www.marketwatch.com/story/canada-joins-europe-in-banning-boeing-max-8-max-9-aircraft-from-its-airspace-2019-03-13
2019-04-03,"Stocks scratch out gains Wednesday, with tech-heavy Nasdaq the biggest winner",https://www.marketwatch.com/story/stock-market-closes-in-on-fresh-records-as-gains-for-technology-materials-sectors-offset-dip-in-energy-2019-04-03
2019-04-08,S&P 500 stock index extends winning streak to 8 days,https://www.marketwatch.com/story/dow-ends-lower-weighed-by-boeing-as-sp-500-extends-win-streak-2019-04-08
2019-03-11,Nasdaq's 2% late-day rally puts index on brink of best day in about 6 weeks,https://www.marketwatch.com/story/nasdaqs-2-late-afternoon-rally-puts-index-on-the-brink-of-best-day-in-about-6-weeks-2019-03-11
2019-03-19,Dow snaps 4-session winning streak,https://www.marketwatch.com/story/dow-snaps-4-day-win-streak-ahead-of-fed-policy-update-2019-03-19
2019-03-15,Dow ends up over 100 points as major indexes notch weekly gains,https://www.marketwatch.com/story/dow-marks-highest-finish-since-march-1-as-boeing-rebounds-sp-500-nasdaq-end-at-5--month-highs-2019-03-15
2019-03-11,Deep Dive: Here are Monday’s stock-market winners after five-day losing streak is broken,https://www.marketwatch.com/story/here-are-mondays-stock-market-winners-after-five-day-losing-streak-is-broken-2019-03-11
2019-03-12,Europe Markets: European markets mixed as investors wait for vote on revised Brexit deal,https://www.marketwatch.com/story/european-markets-mixed-as-investors-wait-for-vote-on-revised-brexit-deal-2019-03-12
2019-03-22,Need to Know: Why investors need to shift from Wall Street to this growth haven,https://www.marketwatch.com/story/why-investors-need-to-shift-from-wall-street-to-this-growth-haven-2019-03-22
2019-03-15,Top Ten: Weekend roundup: Bad times for Boeing | More about the college admissions scam | The world’s favorite cities,https://www.marketwatch.com/story/weekend-roundup-bad-times-for-boeing-more-about-the-college-admissions-scam-the-worlds-favorite-cities-2019-03-15
2019-03-22,"Deep Dive: Stocks took a big hit Friday, and these shares fell the most",https://www.marketwatch.com/story/stocks-took-a-big-hit-friday-and-these-shares-fell-the-most-2019-03-22
2019-03-19,Need to Know: These ‘milestones’ are blocking a rise in the S&P 500 warns Blackrock,https://www.marketwatch.com/story/these-milestones-are-blocking-a-rise-in-the-sp-500-warns-blackrock-2019-03-19
2019-04-08,"Believe it or not, airline quality hasn’t been this good in decades",https://www.marketwatch.com/story/believe-it-or-not-airline-quality-hasnt-been-this-good-in-decades-2019-04-08
2019-03-12,Europe has now banned Boeing’s 737 Max— should U.S. passengers be concerned?,https://www.marketwatch.com/story/europe-has-now-banned-boeings-737-max-should-us-passengers-be-concerned-2019-03-12
2019-04-03,"Need to Know: U.S. stocks ‘vulnerable to a correction,’ warns top asset manager",https://www.marketwatch.com/story/us-stocks-vulnerable-to-a-correction-warns-top-asset-manager-2019-04-03
2019-03-26,Need to Know: Why the S&P 500 needs to hold this key level or risk plunging 10%,https://www.marketwatch.com/story/why-the-sp-500-needs-to-hold-this-key-level-or-risk-plunging-10-2019-03-26
2019-03-19,Barron's Group Experts: Capt. ‘Sully’ Sullenberger: Where Boeing and the FAA went wrong in this ‘ugly saga’,https://www.marketwatch.com/story/capt-sully-sullenberger-where-boeing-and-the-faa-went-wrong-in-this-ugly-saga-2019-03-19
2019-03-11,Avoiding a Boeing 737 Max flight could cost you money,https://www.marketwatch.com/story/avoiding-a-737-max-flight-could-cost-you-money-2019-03-11
