2019-03-12,"Toronto stocks close up slightly, loonie up; U.S. stock markets mixed - Yahoo Canada Finance",https://ca.finance.yahoo.com/news/toronto-stocks-little-changed-loonie-152703650.html
2019-04-10,WAIR vs. BA: Which Stock Should Value Investors Buy Now?,https://finance.yahoo.com/news/wair-vs-ba-stock-value-133001548.html
2019-03-26,Is The Boeing (BA) Stock Outpacing Its Aerospace Peers This Year?,https://finance.yahoo.com/news/boeing-ba-stock-outpacing-aerospace-133001572.html
2019-03-28,"Company News For Mar 28, 2019",https://finance.yahoo.com/news/company-news-mar-28-2019-140402560.html
2019-04-08,"Company News For Apr 8, 2019",https://finance.yahoo.com/news/company-news-apr-8-2019-134701972.html
2019-03-19,Boeing (BA) Gains As Market Dips: What You Should Know,https://news.yahoo.com/boeing-ba-gains-market-dips-214509028.html
2019-03-12,This is Why Boeing (BA) is a Great Dividend Stock,https://finance.yahoo.com/news/why-boeing-ba-great-dividend-131501253.html
2019-03-18,"Slow Week of Economic Data, Boeing (BA) Gets Subpoena",https://finance.yahoo.com/news/slow-week-economic-data-boeing-150503271.html
2019-03-28,Why Boeing (BA) is a Great Dividend Stock Right Now,https://finance.yahoo.com/news/why-boeing-ba-great-dividend-131501862.html
2019-03-18,"Slow Week of Economic Data, Boeing (BA) Gets Subpoena",https://finance.yahoo.com/news/slow-week-economic-data-boeing-141202282.html
2019-03-18,Boeing (BA) Secures $250M Deal to Support LRSO Cruise Missile,https://finance.yahoo.com/news/boeing-ba-secures-250m-deal-152503683.html
2019-03-11,"Retail Sales Improve, Boeing (BA) Weighs on Dow",https://finance.yahoo.com/news/retail-sales-improve-boeing-ba-135801973.html
2019-03-26,Boeing (BA) Stock Sinks As Market Gains: What You Should Know,https://news.yahoo.com/boeing-ba-stock-sinks-market-214509833.html
2019-03-20,Boeing (BA) Secures $327M Navy Deal to Upgrade P-8A Aircraft,https://news.yahoo.com/boeing-ba-secures-327m-navy-153503615.html
2019-03-25,BA Stock Remains a Strong Buy as Ethiopian Airlines Backs Boeing,https://finance.yahoo.com/news/ba-stock-remains-strong-buy-192507130.html
2019-03-22,"Dow 30 Stock Roundup: AAPL Refreshes Product Lineup, BA Wins $327M Navy Order",https://finance.yahoo.com/news/dow-30-stock-roundup-aapl-120212795.html
2019-03-22,"Defense Stock Roundup: GD, BA, LMT Win Big Deals, AIR Beats on Q3 Earnings",https://finance.yahoo.com/news/defense-stock-roundup-gd-ba-132601355.html
2019-03-25,"BA jet flies to wrong city, lands in Scotland instead of Germany",https://news.yahoo.com/ba-jet-flies-wrong-city-lands-scotland-instead-221925379--finance.html
2019-03-15,I Have A BA In Theater — & Now I Make $139K As A Nurse Practitioner,https://www.yahoo.com/lifestyle/ba-theater-now-139k-nurse-165500090.html
2019-03-11,"Stocks rise on strong retail sales data, Boeing slides - Yahoo Finance",https://finance.yahoo.com/news/stock-market-news-march-11-2019-131956964.html
2019-03-18,"Top Stock Picks for the Week of Mar 18, 2019",https://finance.yahoo.com/news/top-stock-picks-week-mar-203608073.html
2019-03-18,Weak Economic Data Weighed On The Markets,https://finance.yahoo.com/news/weak-economic-data-weighed-markets-142402546.html
2019-03-13,"Durable Goods for Jan. +0.4%, Feb. PPI In-Line at +0.2%",https://finance.yahoo.com/news/durable-goods-jan-0-4-151703462.html
2019-03-30,Does BAE Systems plc's (LON:BA.) Past Performance Indicate A Stronger Future?,https://finance.yahoo.com/news/does-bae-systems-plcs-lon-070033203.html
2019-03-12,"Top Stock Picks for March 11, 2019",https://finance.yahoo.com/news/top-stock-picks-march-11-191807419.html
2019-03-25,Georgia Tech announces that 21-year-old DT Brandon Adams has died - Yahoo Sports,https://sports.yahoo.com/georgia-tech-announces-that-21-yearold-dt-brandon-adams-has-died-165923226.html
2019-04-05,Here's What to Expect from Delta Air Lines (DAL) Q1 2019 Earnings,https://finance.yahoo.com/news/heres-expect-delta-air-lines-222010871.html
2019-03-15,Leidos Wins $12.6B Navy Deal to Support Aircraft Readiness,https://finance.yahoo.com/news/leidos-wins-12-6b-navy-115511734.html
2019-03-15,Lockheed Martin Clinches $507M PAC-3 Missile Production Deal,https://finance.yahoo.com/news/lockheed-martin-clinches-507m-pac-141302626.html
2019-03-12,Big Day for Brexit? CPI In-Line at +0.2%,https://finance.yahoo.com/news/big-day-brexit-cpi-line-140302959.html
2019-03-12,Big Day for Brexit? CPI In-Line at +0.2%,https://finance.yahoo.com/news/big-day-brexit-cpi-line-151603422.html
2019-03-18,Northrop Grumman Wins $45M Navy Deal to Support LCS Program,https://finance.yahoo.com/news/northrop-grumman-wins-45m-navy-130701284.html
2019-04-09,Commercial Border Delays Hit Auto Industry,https://finance.yahoo.com/news/commercial-border-delays-hit-auto-153903556.html
2019-04-09,Commercial Border Delays Hit Auto Industry,https://finance.yahoo.com/news/commercial-border-delays-hit-auto-140802041.html
2019-03-26,"Airbus Secures $35B Deal from China, Boeing's Loss Rises",https://finance.yahoo.com/news/airbus-secures-35b-deal-china-201308365.html
2019-03-11,Retail Sales Improve in January,https://finance.yahoo.com/news/retail-sales-improve-january-150003291.html
2019-03-15,Top-Performing ETFs Of The 10-Year Bull-Run,https://finance.yahoo.com/news/top-performing-etfs-10-bull-175005377.html
2019-03-13,"More trouble for Boeing, changes coming to Rite Aid, Spotify battles Apple - Yahoo Finance",https://finance.yahoo.com/news/companies-to-watch-ba-rad-spot-aapl-expr-goog-144105714.html
2019-03-26,Airbus scores $35B China deal in a blow to Boeing: Morning Brief - Yahoo Finance,https://finance.yahoo.com/news/airbus-scores-35-b-china-deal-in-a-blow-to-boeing-morning-brief-101857487.html
2019-03-22,"The Zacks Analyst Blog Highlights: Boeing, Lockheed-Martin and Textron",https://finance.yahoo.com/news/zacks-analyst-blog-highlights-boeing-142202281.html
2019-03-13,"Stock Market News For Mar 13, 2019",https://finance.yahoo.com/news/stock-market-news-mar-13-133301394.html
2019-03-19,"Stock Market News For Mar 19, 2019",https://finance.yahoo.com/news/stock-market-news-mar-19-144402752.html
2019-03-14,Lockheed Martin Wins $84M Deal to Design Missile Technologies,https://finance.yahoo.com/news/lockheed-martin-wins-84m-deal-130301605.html
2019-03-25,Bell-Boeing JV Wins Navy Deal to Boost V-22 Tiltrotor Program,https://finance.yahoo.com/news/bell-boeing-jv-wins-navy-151303392.html
2019-03-19,General Dynamics (GD) Wins $2B Submarine Modification Deal,https://finance.yahoo.com/news/general-dynamics-gd-wins-2b-143302251.html
2019-03-21,Buy Boeing and Other Aerospace-Defense Stocks Despite Trade War Pull Back?,https://finance.yahoo.com/news/buy-boeing-other-aerospace-defense-211609860.html
2019-03-13,Northrop Grumman to Provide Support Services to Triton UAS,https://finance.yahoo.com/news/northrop-grumman-support-services-triton-114411162.html
2019-04-09,Dual Downgrades Tank Boeing Stock,https://finance.yahoo.com/news/dual-downgrades-tank-boeing-stock-140324235.html
2019-03-13,Bell-Boeing JV Secures Navy Deal to Upgrade MV-22 Aircraft,https://finance.yahoo.com/news/bell-boeing-jv-secures-navy-135201291.html
2019-03-14,"Airline Stock Roundup: ALK & JBLU Q1 RASM Views Cut, Boeing 737 Max Fleet in Focus",https://finance.yahoo.com/news/airline-stock-roundup-alk-jblu-153603194.html
2019-03-11,Boeing stock price falls after Ethiopian Airlines crash involving 737 MAX 8 plane,https://news.yahoo.com/boeing-stock-price-falls-ethiopian-133021080.html
2019-04-08,Here's Why Boeing Shares Were Down on Monday,https://finance.yahoo.com/news/apos-why-boeing-shares-were-212100080.html
2019-04-05,Why Boeing Stock Slumped 13% in March,https://finance.yahoo.com/news/why-boeing-stock-slumped-13-130100290.html
2019-03-12,Why Boeing Stock Dropped 6.7% Today,https://finance.yahoo.com/news/why-boeing-stock-dropped-6-163600834.html
2019-03-11,Why Shares of Boeing Fell Friday Morning,https://finance.yahoo.com/news/why-shares-boeing-fell-friday-142800221.html
2019-03-13,737 Max Faces Two Fatal Crashes: What's in Store for Boeing?,https://finance.yahoo.com/news/737-max-faces-two-fatal-133601108.html
2019-03-11,"Stock Market Today: Tesla Plans Price Hikes, Pares Store Closures",https://finance.yahoo.com/news/stock-market-today-tesla-plans-211124016.html
2019-03-18,Stock Market Today: FIS and Worldpay Merge to Create Payments Giant,https://finance.yahoo.com/news/stock-market-today-fis-worldpay-210200546.html
2019-03-22,Stock Market News: Nike Slips; Boeing Faces Cancellations,https://finance.yahoo.com/news/stock-market-news-nike-slips-143130901.html
2019-04-08,"Why BP Prudhoe Bay, Spirit AeroSystems Holdings, and Roku Slumped Today",https://finance.yahoo.com/news/why-bp-prudhoe-bay-spirit-203400724.html
2019-04-08,Wall Street analysts cut 737 MAX delivery forecast,https://finance.yahoo.com/news/wall-street-analysts-cut-737-max-delivery-forecast-120316012--sector.html
2019-04-04,"Why Triumph Group, Ballard Power Systems, and At Home Group Jumped Today",https://finance.yahoo.com/news/why-triumph-group-ballard-power-203200350.html
2019-03-22,ETF Of The Week: Boeing’s Woes Weigh On ‘ITA’,https://finance.yahoo.com/news/etf-week-boeing-woes-weigh-180000599.html
2019-03-15,"Dow 30 Stock Roundup: PFE's Herceptin Biosimilar Gets FDA Nod, VZ to Launch 5G Soon",https://finance.yahoo.com/news/dow-30-stock-roundup-pfes-140902458.html
2019-03-11,"The stock market rally is dying, yet again - Yahoo Finance",https://finance.yahoo.com/news/the-stock-market-rally-is-dying-yet-again-140806927.html
2019-03-19,New British Airways business class seat features door and lie-flat beds,https://news.yahoo.com/british-airways-business-class-seat-features-door-lie-113117715.html
2019-03-12,This Just In: Boeing Stock Downgraded,https://finance.yahoo.com/news/just-boeing-stock-downgraded-161229802.html
2019-03-17,The Navy Is Getting Serious About Crewless Vessels,https://finance.yahoo.com/news/navy-getting-serious-crewless-vessels-131700239.html
2019-03-18,"Stock Market News For Mar 18, 2019",https://finance.yahoo.com/news/stock-market-news-mar-18-140202369.html
2019-03-28,"Southwest Airlines Cuts Its Forecast Again, but the Pain Is Almost Over",https://finance.yahoo.com/news/southwest-airlines-cuts-forecast-again-122400415.html
2019-04-05,Stock Market News: Boeing Takes Blame; Aurora Cannabis Gets a Win in Germany,https://finance.yahoo.com/news/stock-market-news-boeing-takes-154622769.html
2019-04-10,"What Is The Dow Jones Industrial Average, And Why Does It Matter?",https://www.yahoo.com/huffpost/dow-jones-industrial-average-why-000012850.html
2019-04-10,Stocks to rise | JetBlue shares jump | Uber reportedly to sell $10B in stock,https://news.yahoo.com/stocks-rise-jetblue-shares-jump-112326130.html
2019-04-09,The Worst Mistake Boeing Investors Can Make Right Now,https://finance.yahoo.com/news/worst-mistake-boeing-investors-now-014500179.html
2019-03-26,Boeing and Lockheed's Futuristic Helicopter Is Finally Airborne,https://finance.yahoo.com/news/boeing-lockheed-apos-futuristic-helicopter-123000785.html
2019-03-21,Will Boeing's Problems Spell Trouble for GE Aviation?,https://finance.yahoo.com/news/boeing-apos-problems-spell-trouble-022000498.html
2019-03-12,Stock Market News: Southwest Sinks on Boeing Fears; MercadoLibre Gets a (Pay)Pal,https://finance.yahoo.com/news/stock-market-news-southwest-sinks-154518636.html
2019-04-03,British Airways Looks to the U.S. for Profitable Growth,https://finance.yahoo.com/news/british-airways-looks-u-profitable-013600009.html
2019-03-26,Is NASA Preparing to Cancel Its Space Launch System?,https://finance.yahoo.com/news/nasa-preparing-cancel-space-launch-124900892.html
2019-03-25,Moral relativism and the power of unstoppable code on the Ethereum network,https://finance.yahoo.com/news/moral-relativism-power-unstoppable-code-151518195.html
2019-04-02,Stocks under pressure | Lyft tumbles | Whole Foods to slash prices,https://news.yahoo.com/stocks-under-pressure-lyft-tumbles-110722891.html
2019-04-03,Stocks set to rise | Caterpillar shares fall | US-China reportedly near trade deal,https://news.yahoo.com/stocks-set-rise-caterpillar-shares-111448380.html
2019-04-08,"Meghan Markle's family: The diplomat uncle, the yoga teacher mother and the cannabis-growing nephew",https://news.yahoo.com/meghan-markles-family-diplomat-uncle-101205435.html
2019-04-07,Boeing 737 Max: How will airlines convince skittish passengers it's safe to fly again?,https://news.yahoo.com/boeing-737-max-airlines-convince-064801177.html
2019-04-02,5 of the Best Stocks to Buy for April,https://news.yahoo.com/5-best-stocks-buy-april-182457395.html
2019-04-05,Masters atmosphere keeps everyone on best behavior,https://sports.yahoo.com/masters-atmosphere-keeps-everyone-best-behavior-073043561--golf.html
2019-04-05,Masters atmosphere keeps everyone on best behavior,https://ca.sports.yahoo.com/news/masters-atmosphere-keeps-everyone-best-behavior-073043561--golf.html
2019-03-26,"Stocks rise, Treasury yields recover - Yahoo Finance",https://finance.yahoo.com/news/stock-market-news-march-26-2019-124930132.html
2019-03-13,There's No Alternative to the Boeing 737 MAX,https://finance.yahoo.com/news/apos-no-alternative-boeing-737-162900976.html
2019-03-31,Why the Air Force Wants to Buy Boeing's Aging Fighter,https://finance.yahoo.com/news/why-air-force-wants-buy-131400075.html
2019-03-13,Dear Wall Street: Dump the Dow Jones Industrial Average ASAP,https://finance.yahoo.com/news/dear-wall-street-dump-dow-103600475.html
2019-03-30,3 Top Stocks That Aren't on Wall Street's Radar,https://finance.yahoo.com/news/3-top-stocks-aren-apos-103000514.html
2019-03-16,3 International Companies Making Waves in the U.S.,https://finance.yahoo.com/news/3-international-companies-making-waves-011500190.html
2019-03-25,Doria Ragland: How the Duchess of Sussex's mother became her rock and best friend,https://news.yahoo.com/doria-ragland-duchess-sussexs-mother-150421836.html
2019-03-10,"Fantasy Baseball Drafts: Overrated, underrated and safest picks in Rounds 1-3",https://sports.yahoo.com/fantasy-baseball-draft-overrated-underrated-and-safest-picks-in-rounds-13-181140277.html
2019-03-13,The 25 Best Blue-Chip Stocks to Buy Now (According to Hedge Funds),https://finance.yahoo.com/news/25-best-blue-chip-stocks-155755788.html
2019-03-11,"Fantasy Baseball Draft: Overrated, underrated and safest picks in Rounds 4-6",https://ca.sports.yahoo.com/news/fantasy-baseball-drafts-overrated-underrated-and-safest-picks-in-rounds-46-180609532.html
2019-03-18,Trump adds Biden to his 'low IQ' list,https://news.yahoo.com/trump-adds-biden-to-his-low-iq-list-171621359.html
2019-04-04,7 Diverse Stocks to Buy to Make a Buck Off Air Travel,https://finance.yahoo.com/news/7-diverse-stocks-buy-buck-185043516.html
